blockchain,symbol,id,transaction_type,hash,from,to,timestamp,amount,amount_usd,transaction_count
tron,USDT,1869656267,transfer,0faecbf60d74dab8785d1911a68b35845dbefdcdbd8adf5778258b79aeabce1b,"{'address': 'TUpHuDkiCCmwaTZBHZvQdwWzGNm5t8J2b9', 'owner_type': 'unknown', 'owner': ''}","{'address': 'TUzTGtwdY82EzMV99Xr8GMCwFEMwjT2HmY', 'owner_type': 'unknown', 'owner': ''}",1657292022,608191.3,606627.06,1
ethereum,BUSD,1869656362,transfer,a226a61111f2b9c8e42960c03ed24b9bcd4419c5c5612e52fef641931718a087,"{'address': '2faf487a4414fe77e2327f0bf4ae2a264a776ad2', 'owner': 'ftx', 'owner_type': 'exchange'}","{'address': '04541a9cd1dccc0f3e9625893ce3bca237daaf6a', 'owner_type': 'unknown', 'owner': ''}",1657292034,2000000.0,2000000.0,1
tron,USDT,1869656334,transfer,dad567bd6efbbd65db90ab9d18b274c1c8d1fb93427d29202d104b25e3200098,"{'address': 'TYASr5UV6HEcXatwdFQfmLVUqQQQMUxHLS', 'owner': 'binance', 'owner_type': 'exchange'}","{'address': 'TG113ihyEVooCRH19mrKnyneSPnrCJLAoU', 'owner_type': 'unknown', 'owner': ''}",1657292043,956888.75,954427.7,1
ethereum,USDT,1869656953,transfer,a1cdec6d59de64eb8986e0aba7b8137f915f43815018dc2b7c7aa66a7619dc03,"{'address': '8183d8465dbb400f351d1266512cf527e65cee61', 'owner_type': 'unknown', 'owner': ''}","{'address': '6d28f5f5ca13b487e8e7e3461c3a0a6a6bbb4d11', 'owner_type': 'unknown', 'owner': ''}",1657292111,515831.7,512582.28,1
tron,USDT,1869656635,transfer,d34b9263a29254b0636c6eae38eee2a838092511f5b9912bef02325d58137236,"{'address': 'TG113ihyEVooCRH19mrKnyneSPnrCJLAoU', 'owner_type': 'unknown', 'owner': ''}","{'address': 'TNaRAoLUyYEV2uF7GUrzSjRQTU8v5ZJ5VR', 'owner': 'huobi', 'owner_type': 'exchange'}",1657292112,956888.75,946190.06,1
ethereum,USDT,1869656981,transfer,209fc1f9ceebe6f22fd007e770be92bc49f0e4753979f10ba22bba948ae407f5,"{'address': 'dfd5293d8e347dfe59e90efd55b2956a1343963d', 'owner': 'binance', 'owner_type': 'exchange'}","{'address': '88d99c764fae0f079656ade53fff5a3ea9049874', 'owner_type': 'unknown', 'owner': ''}",1657292149,1799996.0,1788657.2,1
tron,USDT,1869656719,transfer,8c45fdc5d68f4eba612c1206e3bba10d198d371522a9ad17efbca7475e917238,"{'address': 'TTFbAVHYjB8aVDvwq3jeaCgi8pogLTi2db', 'owner_type': 'unknown', 'owner': ''}","{'address': 'TTd9qHyjqiUkfTxe3gotbuTMpjU8LEbpkN', 'owner_type': 'unknown', 'owner': ''}",1657292157,540000.0,536598.4,1
tron,USDT,1869656738,transfer,6013b3dbfbab5ed71dbc69d697b38c1f97d937f6a4d2df9d099349d2429c1d4e,"{'address': 'TKkc2WYP45RdfTywmqt4HkpkNpmRNDfaT8', 'owner_type': 'unknown', 'owner': ''}","{'address': 'TV6MuMXfmLbBqPZvBHdwFsDnQeVfnmiuSi', 'owner': 'binance', 'owner_type': 'exchange'}",1657292163,1067155.0,1060432.6,1
tron,USDT,1869656739,transfer,2e6b3c5c428cf05c6f5fcbdba715877a994d1a414e0964554f43cde701b86674,"{'address': 'TWHwYvAkRAYMQcvKYi5JL2ijS1u2x5Su1Y', 'owner_type': 'unknown', 'owner': ''}","{'address': 'TV6MuMXfmLbBqPZvBHdwFsDnQeVfnmiuSi', 'owner': 'binance', 'owner_type': 'exchange'}",1657292163,2000000.0,1987401.4,1
tron,USDT,1869656747,transfer,6837f258c8b44dfa325b1c824d9791120a192b741b5fe93d93658dc1d8bc68e9,"{'address': 'TBcr4CmV3Mg4NDUQqCMSaEJ4Nq8EWehyiB', 'owner_type': 'unknown', 'owner': ''}","{'address': 'TV6MuMXfmLbBqPZvBHdwFsDnQeVfnmiuSi', 'owner': 'binance', 'owner_type': 'exchange'}",1657292163,999900.0,993601.3,1
tron,USDT,1869656753,transfer,543e0b06886f8fa5ef65781903fa0df311a286f790c645ff87ae327caed740c7,"{'address': 'TRtLWmaNdDRhpPfA3wq7N7GDCCGE1aTZGj', 'owner_type': 'unknown', 'owner': ''}","{'address': 'TV6MuMXfmLbBqPZvBHdwFsDnQeVfnmiuSi', 'owner': 'binance', 'owner_type': 'exchange'}",1657292163,858793.0,853383.2,1
tron,USDT,1869656754,transfer,1d8444ed3cf5478f93ac997390d0cb4f64b32d7a09966885b2932564676438c0,"{'address': 'TVieFE79rxtRJM21aNFFfH4DTNSknoWrVx', 'owner_type': 'unknown', 'owner': ''}","{'address': 'TV6MuMXfmLbBqPZvBHdwFsDnQeVfnmiuSi', 'owner': 'binance', 'owner_type': 'exchange'}",1657292163,700000.0,695590.44,1
tron,USDT,1869656755,transfer,4f2c7095b3fc7f81bebd1c0476bcedf9ec20ce968f7fcd595d5e820fed2d56cc,"{'address': 'TA2ZMdzRztpdViwvVH4SS57YvERTEEVtyi', 'owner_type': 'unknown', 'owner': ''}","{'address': 'TV6MuMXfmLbBqPZvBHdwFsDnQeVfnmiuSi', 'owner': 'binance', 'owner_type': 'exchange'}",1657292163,1000000.0,993700.7,1
tron,USDT,1869656763,transfer,a1fb44375d22df831d98b1da3c69940497a098591595f37865f0653d1c2c436d,"{'address': 'TU8wFVaNdNBhdXiFjuHTgjvR1YUoS5qzqw', 'owner_type': 'unknown', 'owner': ''}","{'address': 'TV6MuMXfmLbBqPZvBHdwFsDnQeVfnmiuSi', 'owner': 'binance', 'owner_type': 'exchange'}",1657292163,672999.0,668759.56,1
tron,USDT,1869656773,transfer,c99e916964e185c8c7616bbf842971bcf1bdcd179e42b98173be492962b039d9,"{'address': 'TAAWojxzhtgxpA7pkQPiB9yxeYiftcm5ND', 'owner_type': 'unknown', 'owner': ''}","{'address': 'TV6MuMXfmLbBqPZvBHdwFsDnQeVfnmiuSi', 'owner': 'binance', 'owner_type': 'exchange'}",1657292163,547100.0,543653.6,1
bitcoin,BTC,1869657307,transfer,8e8e5a92f0eff782e39c218d3279d7474c6b73e12c74f42d6b4d5d21ef9d09c6,"{'address': 'Multiple Addresses', 'owner': 'binance', 'owner_type': 'exchange'}","{'address': '1JoUqT9LvMh32znJTZVNQFhDN7XvjPToQP', 'owner_type': 'unknown', 'owner': ''}",1657292213,58.6996,1277221.6,1
bitcoin,BTC,1869657308,transfer,8e8e5a92f0eff782e39c218d3279d7474c6b73e12c74f42d6b4d5d21ef9d09c6,"{'address': 'Multiple Addresses', 'owner': 'binance', 'owner_type': 'exchange'}","{'address': 'bc1qntln0z8jjde3pq6dct3hjaczaxccxpahanw9k7', 'owner_type': 'unknown', 'owner': ''}",1657292213,34.293,746167.94,1
bitcoin,BTC,1869657313,transfer,14493210aabe3d6f5d4da53555aedbcc4c1452f69faf109d554c376a019a9fee,"{'address': 'bc1qntln0z8jjde3pq6dct3hjaczaxccxpahanw9k7', 'owner_type': 'unknown', 'owner': ''}","{'address': 'bc1qeucsyqs9mw9unsu86d45reze67n3zjc6w5gpuy', 'owner_type': 'unknown', 'owner': ''}",1657292213,34.285,745993.9,1
bitcoin,BTC,1869657351,transfer,239b60cf77a95c73d07bfe5491d3f5b1c8832ca90cb6b7feba9b96ff87d9993d,"{'address': 'bc1qgnerwnztlz7ne4seq0rdencmavl8xnm9ruuacf', 'owner': 'bitbank', 'owner_type': 'other'}","{'address': 'bc1qstpzhd7ydxd8qx007yyazgahww3zju6s7y4ere', 'owner': 'bitbank', 'owner_type': 'other'}",1657292213,255.50285,5559386.5,1
bitcoin,BTC,1869657451,transfer,d7e11d0ebdc2f4a7412c6e1639aee3fde7a10be4faef5a0e5820bd49fc4e1c38,"{'address': 'bc1qm9vv9nuwfevdyrdqve7kd3nlkfrxp9zpvr4r2u', 'owner': 'coinbase', 'owner_type': 'exchange'}","{'address': '383y2VzDCix44RYu4qazxL6SbzkFRrrDrC', 'owner': 'coinbase', 'owner_type': 'exchange'}",1657292213,60.0,1305516.5,1
bitcoin,BTC,1869657473,transfer,ce371e24b71759d9dfd0340c32e348cc1b10e6fec39e675e8ec56d3e79a972e3,"{'address': 'bc1qdm4ryq2392u0hls5jdnucgpvdxfjl63ylxekaupaxfnv03hpjysqs4mjnr', 'owner_type': 'unknown', 'owner': ''}","{'address': 'bc1qjm32yc7rcxw03ud77zwk2jnxd8dugtvnm7jztsd7dx29mkhpkkjsptrelp', 'owner_type': 'unknown', 'owner': ''}",1657292213,55.179012,1200618.5,1
bitcoin,BTC,1869657484,transfer,9f77de41d73a059c85fd58e67058fc8ee909249952266d01a0069b1a590787de,"{'address': 'bc1qjm32yc7rcxw03ud77zwk2jnxd8dugtvnm7jztsd7dx29mkhpkkjsptrelp', 'owner_type': 'unknown', 'owner': ''}","{'address': 'bc1qwtq42wjws3qswc732s9z77x6wu0fnxk2tx662n5ysh6zgcuw9shszp6tgq', 'owner_type': 'unknown', 'owner': ''}",1657292213,55.178795,1200613.8,1
bitcoin,BTC,1869657547,transfer,13d9cf7be3c4931a65b29c5d570e3b34f39f7e2cf12b397f38da11a0a97b3c14,"{'address': '3EvoDiyYeXC8fDze9XpXAgUEChLg95MkK4', 'owner_type': 'unknown', 'owner': ''}","{'address': '3L7am6bremjMeTFdrw2vEiAyi3Fhn8jmTZ', 'owner_type': 'unknown', 'owner': ''}",1657292213,75.89795,1651433.6,1
bitcoin,BTC,1869657549,transfer,3c9aabaabc561be197e790570d3120c30a987dc62c0b47c57557da722946c74b,"{'address': '3KLNBfevbdakmz3mRFgx4BjepTnGrAJqCr', 'owner_type': 'unknown', 'owner': ''}","{'address': '3HTBMo2ZgfRoxuLgpfANhJLLTH7o6KYLcz', 'owner_type': 'unknown', 'owner': ''}",1657292213,496.69995,10807499.0,1
bitcoin,BTC,1869657550,transfer,f52ee7141b3ed287869151d15d666c63e68fcf3e78b4c724b5e9fa20ed64b37c,"{'address': '39rCTJEw6BWK6Cn5fxX9XVGCEf8GE3x7GS', 'owner_type': 'unknown', 'owner': ''}","{'address': '3EbyCXNAnrV2QyBPyrZ8HgdLMA1VVgehPe', 'owner_type': 'unknown', 'owner': ''}",1657292213,549.2271,11950417.0,1
bitcoin,BTC,1869657551,transfer,7c01049ae189b81111adbf0fb77960de9c93c5b2dd60a33008a5939b60fa5090,"{'address': '3FzokbWScy54Xb3jXG5PmGPCMyfcQsHM69', 'owner_type': 'unknown', 'owner': ''}","{'address': '3MW9R1TQiPYseGNx42NRzh2d31dQzzEBvW', 'owner_type': 'unknown', 'owner': ''}",1657292213,363.1378,7901372.5,1
bitcoin,BTC,1869657553,transfer,f7185647f97739bdd12f2564db38edf52249fa8ed2e04c6bf54a947988e18ecc,"{'address': '3BWMoYetsTBSRB3q6wYvy9V32egQ2fzW7Z', 'owner_type': 'unknown', 'owner': ''}","{'address': '34Ye2hqxJk1r61h3ToVNcemq7r8Aw9X9Wf', 'owner_type': 'unknown', 'owner': ''}",1657292213,240.91452,5241964.5,1
bitcoin,BTC,1869657554,transfer,4fd4bf5d5d5a39ae3bfcbe7e4e37b07510d934e68684599dc32f27c065c60fe7,"{'address': '3MZg2MzSMuxJd53qryaku8rBd5jpQ96tyR', 'owner_type': 'unknown', 'owner': ''}","{'address': '3MVzhEvh5GPYe24SdMy71DJA5U3SWxTek8', 'owner_type': 'unknown', 'owner': ''}",1657292213,446.66614,9718833.0,1
bitcoin,BTC,1869657555,transfer,ca8a6f94ec19d0f51b6ae99902da585cda34b92d82e04e5a285ce41a78f9a66f,"{'address': '3KTLNFkyKwSJ6H51bhQjAoyZdEw72dYhJQ', 'owner_type': 'unknown', 'owner': ''}","{'address': '3Kj9NfgAf3AvKA7c9aZddtGBHngTJDNwKH', 'owner_type': 'unknown', 'owner': ''}",1657292213,318.41348,6928234.0,1
bitcoin,BTC,1869657556,transfer,05c58934b378a9a823f6a1e151db229c314680457833d50aad2709eb71722fa9,"{'address': 'bc1qle077lxz4q8k2gtwwdmzafymnkpc26vn5jnhfe', 'owner_type': 'unknown', 'owner': ''}","{'address': 'bc1qhp54kunaqf8jrvrz3ckau66rcxlg8gzggrtc7g', 'owner_type': 'unknown', 'owner': ''}",1657292213,214.7777,4673263.5,1
